{
  "mse_train": 0.11679134517908096,
  "mse_val": 0.11908473074436188,
  "mse_test": 0.11997572332620621,
  "rL2_train": 0.5084270238876343,
  "rL2_val": 0.5136393904685974,
  "rL2_test": 0.5173912048339844,
  "training_time": 3.861648965626955,
  "n_train": 40000,
  "n_val": 5000,
  "n_test": 5000
}