{
  "mse_train": 0.11638425290584564,
  "mse_val": 0.11865151673555374,
  "mse_test": 0.11955802887678146,
  "rL2_train": 0.507540225982666,
  "rL2_val": 0.5127043128013611,
  "rL2_test": 0.5164897441864014,
  "training_time": 3.9185999650508165,
  "n_train": 40000,
  "n_val": 5000,
  "n_test": 5000
}