{
  "mse_train": 0.11521123349666595,
  "mse_val": 0.11751838028430939,
  "mse_test": 0.11831003427505493,
  "rL2_train": 0.5049759745597839,
  "rL2_val": 0.5102502703666687,
  "rL2_test": 0.5137869715690613,
  "training_time": 3.8920011217705905,
  "n_train": 40000,
  "n_val": 5000,
  "n_test": 5000
}